{"file:///C:/xampp/htdocs/Web%20Projects/SoftFlip%20Technologies":{"assets/images/background1.jpg":"OM6hTwqMAQpTVhLcPG86xg==","assets/images/background2.jpg":"mIIbxW0r7dEZSbMPwcoYdg==","assets/images/background3.jpg":"sT80Y4RCGNBrSInGgrjIuA==","assets/images/background6.jpg":"a/BaFKiwSB7CC406EGig4g==","assets/images/background4.jpg":"UAc7kepzJPkrSn4uqTRvmw==","assets/images/background5.jpg":"pa5Dkwo/T1qgW/t0h+fQvA==","assets/images/background7.jpg":"z6ZfLgd9OBzf8K4H4ABlWw==","assets/images/background8.jpg":"q0Gpwz0zGw1D/pg6MT/asQ==","assets/web/assets/jquery/jquery.min.js":"V5Dq1607onOXrt+j0mO4Zw==","assets/bootstrap/css/bootstrap.min.css":"9BHBNuK7MCraISCz6x1bww==","assets/bootstrap/css/bootstrap-grid.min.css":"kbYprkHMvvMG/ZJ2LsgHWQ==","assets/bootstrap/css/bootstrap-reboot.min.css":"//WhxWELTokJ3iPyIA2Taw==","assets/bootstrap/js/bootstrap.min.js":"aJXozWC2JkbOEkJgFYiPWA==","assets/popper/popper.min.js":"NiE4ESlZe/NNSKniYj4FyQ==","assets/tether/tether.min.css":"YhVaOUjL8Xsb9LQHyQq4Tw==","assets/tether/tether.min.js":"PlC291/0Eo8keLHUT4D9+w==","assets/smoothscroll/smooth-scroll.js":"/ilgR0JEXYwwmd70AnYqZg==","assets/theme/js/script.js":"abA1SbUDQBMMNpjZEa/PYg==","assets/theme/css/style.css":"7gtaiS6zoSgKwt/cZW+tDw==-VITbTf54ezV7Z7I/e4lZVw==","assets/dropdown/css/style.css":"s+S8lVC62P0BWFtgHpaNFA==","assets/dropdown/js/nav-dropdown.js":"9bGPRW1xT1/TQXobsnjO7Q==","assets/dropdown/js/navbar-dropdown.js":"4AZMGJuOfxUjEI1W5pEGCA==","assets/touchswipe/jquery.touch-swipe.min.js":"9g/wVGnRdXmW2F9BctT/TQ==","assets/animatecss/animate.min.css":"F4tlGVjO/1VsvF81Xgi78Q==","assets/viewportchecker/jquery.viewportchecker.js":"eqx7akE+5/2dVV8+sGGcUg==","assets/parallax/jarallax.min.js":"bFQ4obzjiC9HL+BZ3/QknA==","assets/ytplayer/jquery.mb.ytplayer.min.js":"UCqVnLtCcLPvcFiBkD5qfg==","assets/vimeoplayer/jquery.mb.vimeo_player.js":"GmfQhjxrSdOBpcDxHSmxjQ==","assets/slidervideo/script.js":"4zdnDcM5qyFp6vtUK9eKiA==","assets/mbr-clients-slider/mbr-clients-slider.js":"Awtnxok7nm3spNft5Z68/A==","assets/mbr-flip-card/mbr-flip-card.js":"Wj/UO9yXsiFhjBWxpc/FcA==","assets/bootstrapcarouselswipe/bootstrap-carousel-swipe.js":"2Aa30rxM398+MLQIDBw+uw==","assets/gallery/player.min.js":"LD8pej9nbqJv1C5dclQ+TQ==","assets/imagesloaded/imagesloaded.pkgd.min.js":"UR7y9u51Dtwyu1yNXTJOfg==","assets/masonry/masonry.pkgd.min.js":"xU517fXLr0ErwWukFF9gMg==","assets/gallery/script.js":"ImYUtTx/Npmo3qtFYs4PsQ==","assets/gallery/style.css":"bVAdY85TkpWp5+JO/cIM4g==","assets/web/assets/mobirise-icons/mobirise-icons.css":"t/IrTIzfJvbDUoCV05F+7Q==","assets/web/assets/mobirise-icons/mobirise-icons.eot":"d1DWj4ts/6jfjnda7g4Q2A==","assets/web/assets/mobirise-icons/mobirise-icons.svg":"Yp5pSlGdnLgPdQLUa/Yv3w==","assets/web/assets/mobirise-icons/mobirise-icons.ttf":"sxxNoGToYfNN/LuoyTYkfg==","assets/web/assets/mobirise-icons/mobirise-icons.woff":"rcbBnBdGlGMmyU5U/bmzjg==","assets/mbr-popup-btns/mbr-popup-btns.js":"6C4Y686VY3EsXTj//x04VA==","assets/web/assets/mobirise-icons2/mobirise2.css":"+RO7OxVtE1FsD/N7V3/ADw==","assets/web/assets/mobirise-icons2/mobirise2.eot":"B2EjryGRojlTpzr1GHt3LQ==","assets/web/assets/mobirise-icons2/mobirise2.svg":"usCYAy7QdzckfeGReb9wWQ==","assets/web/assets/mobirise-icons2/mobirise2.ttf":"VMdAr7YYQ2ab9KiUyabAGA==","assets/web/assets/mobirise-icons2/mobirise2.woff":"xY3InaTfYGp0nlCuQBMudQ==","assets/socicon/css/styles.css":"D9UlyMj+O1sN21nVhtM80A==","assets/socicon/fonts/socicon.eot":"XHkUXqWN9KkbI2JOr7etKQ==","assets/socicon/fonts/socicon.svg":"o1tldE9Vf6tUJOmbttTpgA==","assets/socicon/fonts/socicon.ttf":"1n97zWg+ogcaXBgcQsNnBA==","assets/socicon/fonts/socicon.woff":"n3NmYDMK3z2OXXC2s0nxxw==","assets/images/hashes.json":"wn4rg5Y9ioevdNJj1fSxeA==","assets/images/mbr-1920x960.jpeg":"wevBdC1uIZuRGO6T5llrhg==","assets/images/mbr-1920x1280.jpeg":"lj96HRpnH1Sa7N/ohbIZQg==","assets/images/mbr-1920x1272.jpeg":"qyWzMGbBjR2tihZQOUNSqw==","assets/images/mbr-1-1920x1280.jpeg":"z8bDPGkAqEqWxeFSwL+JWA==","assets/images/mbr-1920x1355.jpeg":"tyCKh0qlD93ulhEGlircgA==","assets/images/mbr-2-1920x1280.jpeg":"VlVbCcU63vC6UwVWYA2jfg==","assets/images/pankhadi-responsive-1200x708.jpeg":"2NUvuTL0QeIwiHwgkdsOng==","assets/images/index-288x175.jpeg":"Uf9+h/tF8ubFqhcmsrWJDA==","assets/images/sale-pic-900x500.png":"hXrmA+h1r/UpALqdmy+oRA==","assets/images/matan-segev-az1jytgdnfs-unsplash-900x600.jpeg":"JEKZaETKGGLOfq3UDHYPRA==","assets/images/graphics-572x561.png":"P3OvL1RhoyCUU5vdk5ExuQ==","assets/images/google-76522-641-640x379.png":"snC/GADohN0jdes2gEyFlA==","assets/images/mbr-900x900.jpeg":"pbpxXbW8ylKCtmbOx00GuA==","assets/images/mbr-900x600.jpeg":"W8DpoWVcCE6IlsgDFmFuYg==","assets/images/logo-edit-146x120.png":"5uozdZ7GqZmKGAtXJm15LQ==","assets/images/mbr-900x675.jpeg":"78K2Q1Jqag19BJCHsLMcyA==","assets/images/mh-education-new-logo-250x60.png":"cLhd2EDltudISHN9w/5rCg==","assets/images/nem-insurance-logo-172x86.png":"NRcwtbnpeOw9chFSNSwQqg==","assets/images/newisilogo-3-1-252x304.png":"po1pMStJHBMs2ONXUzM0fQ==","assets/images/logo-edit-192x1580.png":"lmhvXQ7qhEGyfDkP1VT8HA==","assets/images/logo-edit-192x158.png":"lmhvXQ7qhEGyfDkP1VT8HA==","assets/images/mbr-1138x756.jpg":"yvNYcO97SEQl1GZSrkiwSg==","assets/images/digital-pamphlet-software2-500x300.jpg":"2CPtIEgA+H777UOCcUIzEw==","assets/images/seo-3007488-640-640x400.jpg":"VudLIMMqPMCvV4aiZQuMYA==","assets/images/images3-314x160.jpg":"aAu/ndzS1zMI+PEnsVDMmw==","assets/images/woman-1446557-1280-492x328.jpg":"VvuTIffraNTxEnGTeCY8tA==","assets/images/opsis-communications-logo-781x287.jpg":"RkbUP2l6lonIirXzj4KN0A==","assets/images/mbr-492x215.jpg":"IdDXDk0gMo1g/1WwUaPC4Q==","assets/images/instagram-background.jpg":"dQ9fi7gBHczPdTBgasxCig==","assets/images/rawpixel-652547-unsplash1-2000x1333.jpeg":"scc+3iNJxQGflKdkTUm7ZQ==","assets/gdpr-plugin/gdpr-styles.css":"VOYgtGJgcBgtTYLWCF9pXQ==","assets/style.css":"05mNRorAhsfKY2+uCgcJNw==","assets/cookies-alert-plugin/cookies-alert-core.js":"HbJd0xCnbdUIsW5cGez1Vw==","assets/images/mbr-favicon.png":"W7EdQQVl4LmUqoDj/KuiwA==","assets/slick.css":"84stsQ4BsVcnMqMZHVOHBw==","assets/slick.min.js":"1aYcdJ5E5HFZr4pled2hIQ==","assets/index.js":"LPz29GCt5j0pi69UzpJHRA==","assets/images/background45.jpg":"UAc7kepzJPkrSn4uqTRvmw==","assets/images/mbr-510x340.jpg":"85MiBm+eHF0S1ZdJlwoZeg==","assets/images/mbr-1014x671.jpg":"d2ggl09HcGihktVVAhg15Q==","assets/images/background21.jpg":"mIIbxW0r7dEZSbMPwcoYdg==","assets/images/logo-edit-192x1582.png":"lmhvXQ7qhEGyfDkP1VT8HA==","assets/images/background23.jpg":"mIIbxW0r7dEZSbMPwcoYdg=="}}