{"wevBdC1uIZuRGO6T5llrhg==":"mbr-1920x960.jpeg","+5sDEaS2/1t/Kw/C1DX3sA==":"mbr-1920x1440.jpeg","7fFICIleyafAeXoceXfu1Q==":"mbr-1920x855.jpeg","tyCKh0qlD93ulhEGlircgA==":"mbr-1920x1355.jpeg","dEr0q0+VJIeBrzGQcQkLHA==":"mbr-1920x1280.jpg","lj96HRpnH1Sa7N/ohbIZQg==":"mbr-1920x1280.jpeg","qyWzMGbBjR2tihZQOUNSqw==":"mbr-1920x1272.jpeg","scc+3iNJxQGflKdkTUm7ZQ==":"rawpixel-652547-unsplash(1)-2000x1333.jpeg","g76D8aAKHLclk0qxfXvpvg==":"logo_edit-122x100.png","lmhvXQ7qhEGyfDkP1VT8HA==":"logo_edit-192x158.png","5uozdZ7GqZmKGAtXJm15LQ==":"logo_edit-146x120.png","2CPtIEgA+H777UOCcUIzEw==":"digital-pamphlet-software2-500x300.jpg","/pGHufm6lUKl9oqc+HDTOg==":"flipbook-pro-demo-750x651.png","BfCbztDBHott7BR4LEBCkA==":"frontpage-devices-900x803.png","ecqOx7RjMNuewBXzJEVfFw==":"index-290x174.jpg","wdg18nEfBDri7ZQwFtt9Dg==":"images-268x188.jpeg","hXrmA+h1r/UpALqdmy+oRA==":"sale_pic-900x500.png","+eQaCR/EFtv+pTl8ve8kaw==":"flipbook-pro-demo-1-750x651.png","jm7t1S5hTYA6ufqZI9uL3w==":"pankhadi-responsive-900x531.jpg","z8bDPGkAqEqWxeFSwL+JWA==":"mbr-1-1920x1280.jpeg","VlVbCcU63vC6UwVWYA2jfg==":"mbr-2-1920x1280.jpeg","aAu/ndzS1zMI+PEnsVDMmw==":"images3-314x160.jpg","i5xbf/AXE4c3uHhl1AuPIw==":"images2-275x183.jpg","2NUvuTL0QeIwiHwgkdsOng==":"pankhadi-responsive-1200x708.jpeg","Uf9+h/tF8ubFqhcmsrWJDA==":"index-288x175.jpeg","JEKZaETKGGLOfq3UDHYPRA==":"matan-segev-az1jytgdnfs-unsplash-900x600.jpeg","P3OvL1RhoyCUU5vdk5ExuQ==":"graphics-572x561.png","VudLIMMqPMCvV4aiZQuMYA==":"seo-3007488-640-640x400.jpg","Bjja+cblcByeiDMKV8GRTg==":"search-engine-optimization-1359429-640-640x425.jpg","ejKgIeZoG3pLfB0veBcuoA==":"google-76522-640-640x379.png","snC/GADohN0jdes2gEyFlA==":"google-76522-641-640x379.png","pbpxXbW8ylKCtmbOx00GuA==":"mbr-900x900.jpeg","W8DpoWVcCE6IlsgDFmFuYg==":"mbr-900x600.jpeg","78K2Q1Jqag19BJCHsLMcyA==":"mbr-900x675.jpeg","NRcwtbnpeOw9chFSNSwQqg==":"nem-insurance-logo-172x86.png","po1pMStJHBMs2ONXUzM0fQ==":"newisilogo%20(3)-1-252x304.png","cLhd2EDltudISHN9w/5rCg==":"mh_education_new_logo-250x60.png","pa5Dkwo/T1qgW/t0h+fQvA==":"background5.jpg","VvuTIffraNTxEnGTeCY8tA==":"woman-1446557-1280-492x328.jpg","IdDXDk0gMo1g/1WwUaPC4Q==":"mbr-492x215.jpg","85MiBm+eHF0S1ZdJlwoZeg==":"mbr-510x340.jpg","q0Gpwz0zGw1D/pg6MT/asQ==":"background8.jpg","UAc7kepzJPkrSn4uqTRvmw==":"background4.jpg","RkbUP2l6lonIirXzj4KN0A==":"opsis-communications-logo-781x287.jpg","yvNYcO97SEQl1GZSrkiwSg==":"mbr-1138x756.jpg","d2ggl09HcGihktVVAhg15Q==":"mbr-1014x671.jpg"}